<annotation>
	<folder>train</folder>
	<filename>11.jpg</filename>
	<path>C:\Users\Nawfal\Desktop\Training\ramessur\object_detection_demo-master\data\images\train\11.jpg</path>
	<source>
		<database>Unknown</database>
	</source>
	<size>
		<width>800</width>
		<height>600</height>
		<depth>3</depth>
	</size>
	<segmented>0</segmented>
	<object>
		<name>people</name>
		<pose>Unspecified</pose>
		<truncated>0</truncated>
		<difficult>0</difficult>
		<bndbox>
			<xmin>111</xmin>
			<ymin>43</ymin>
			<xmax>733</xmax>
			<ymax>576</ymax>
		</bndbox>
	</object>
</annotation>
